Year,15-24,25-34,35-44,45-54,55-64,65 and over
1999,1240,3236,6295,4067,991,930
2000,1435,3169,6469,4389,1013,854
2001,1700,3410,6968,5115,1185,910
2002,2095,4125,8064,6466,1601,1060
2003,2491,4488,8358,7325,1943,1070
2004,2751,4680,8439,8040,2283,1104
2005,2918,5340,8506,8968,2761,1203
2006,3460,6346,9373,10421,3355,1321
2007,3550,6663,9152,11012,4043,1435
2008,3487,6739,8885,11222,4396,1587
2009,3377,7013,8524,11390,4858,1721
2010,3571,7572,8546,11299,5486,1722
2011,3762,8445,9130,11933,6060,1892
2012,3518,8508,8948,11895,6423,2094
2013,3664,8947,9320,12045,7551,2344
2014,3798,10055,10134,12263,8122,2568
2015,4235,11880,11505,12974,8901,2760
2016,5376,15443,14183,14771,10632,3075
