"svm.probs","svm.actuals"
0.572787660586286,1
0.5,1
0.919214038675105,1
0.600500220549584,1
0.733702838236887,1
0.992569568394625,1
0.71189201351099,1
0.922436387191671,1
0.744158223348748,1
0.782030174578048,1
0.996528949475292,1
0.679152098174229,1
0.679152098174229,1
0.99920419311617,1
0.725483990661446,1
0.929446651970931,1
0.807260250363619,1
0.529311295313831,1
0.892422201631956,1
0.692988937710994,1
0.646902443851613,1
0.894973528101943,1
0.749462834681452,1
0.635411560482686,1
0.863226883856689,1
0.892605220601799,1
0.612755937017541,1
0.932134261080575,1
0.570897105192732,1
0.981381465361169,1
0.919102033924848,1
0.611861861418176,1
0.945063446194611,1
0.761294837107482,1
0.907743683555524,1
0.990271128974491,1
0.597122454235348,1
0.95530760323186,1
0.808125447211034,1
0.842176785516386,1
0.979419263588087,1
0.833383780415445,1
0.92371317686863,1
0.93180949044986,1
0.99464493508811,1
0.953630323663286,1
0.807556215338212,1
0.919075863066878,1
0.965266307041816,1
0.565174923136334,1
0.674028388738188,1
0.919075863066878,1
0.919183841788351,1
0.780246307504138,1
0.990426277622425,1
0.536688084903122,1
0.762377981834877,1
0.940509624674829,1
0.786481526578801,1
0.779933861236686,1
0.983557000954746,1
0.641565361626639,1
0.600319189704458,1
0.994640492798461,0
0.959909787239787,0
0.999994041623184,0
0.967217892901546,0
0.999998473099496,0
0.99999877392828,0
0.99693890333684,0
0.992863040637513,0
0.967506261270243,0
0.98841072961957,0
0.983864761548275,0
0.990769488639011,0
0.967506261270243,0
0.947878891194039,0
0.939477819739825,0
0.947878891194039,0
0.947878891194039,0
0.856303877454303,0
0.947878891194039,0
0.947878891194039,0
0.992036964741555,0
0.934552777873518,0
0.947878891194039,0
0.518005223116015,0
0.973138630124225,0
0.994450076434323,0
0.994450076434323,0
0.996877111201088,0
0.97816667907756,0
0.874563114037149,0
0.993019643202089,0
0.999988249119186,0
0.955958424799327,0
0.999989525894929,0
0.999992853529924,0
0.768411614540541,0
0.986212014373448,0
0.993646449794818,0
0.975685042398065,0
0.970852077883621,0
0.980218797751774,0
0.953090103616036,0
0.986115650820459,0
0.996867509010973,0
0.988038921695717,0
0.592971652446058,0
0.88538407492798,0
0.947878891194039,0
0.947878891194039,0
0.952531458025819,0
0.996110210726132,0
0.972697282097979,0
0.976569561913942,0
0.904666362175301,0
0.938047580168078,0
0.973226093424012,0
0.935393492065173,0
0.986801045074222,0
0.966978955307118,0
0.999999844856286,0
0.994450076434323,0
0.887263250698339,0
0.995288694949773,0
0.985440745429433,0
0.988780303616778,0
0.927872597106954,0
0.994450076434323,0
0.96909793004925,0
0.947878891194039,0
0.927872597106954,0
0.993992887293709,0
0.984054517791998,0
0.947878891194039,0
0.947878891194039,0
0.947878891194039,0
0.9020653743835,0
0.979675330437388,0
0.991701912474396,0
0.991563461110734,0
0.999999171452079,0
0.966978955307118,0
0.976531063057424,0
0.984233001970627,0
0.977959908811287,0
0.945797715406627,0
0.977959908811287,0
0.985121574755787,0
0.977959908811287,0
0.97958693824661,0
0.967506261270243,0
0.97764299213201,0
0.996311489757588,0
0.92863847545157,0
0.912038879277256,0
0.985139573593089,0
0.992266486712542,0
0.985197373941491,0
0.947878891194039,0
0.999996750469963,0
0.995704286816791,0
0.875925538285175,0
0.989871503696935,0
0.990052308627083,0
0.947878891194039,0
0.980313749096426,0
0.993358305628965,0
0.988486076906175,0
0.999997839172053,0
0.99681665102448,0
0.988953442054649,0
0.9802842153182,0
0.974278312077714,0
0.996144276865912,0
0.989331706199043,0
0.910589220464396,0
0.982202434340674,0
0.947819911064129,0
0.947878891194039,0
0.999991551913525,0
0.947863332873792,0
0.990008953940544,0
0.978182022694689,0
0.994098669651233,0
0.986562947641788,0
0.994366232618743,0
0.947863332873792,0
0.947863332873792,0
0.993710849872332,0
0.996266850600491,0
0.989743800038086,0
0.995438767007666,0
0.983060542656799,0
0.986584248662435,0
0.89158759971817,0
0.996927095044697,0
0.999999310039116,0
0.73845268758366,0
0.999985799028891,0
0.995624487724756,0
0.999987414460588,0
0.947939097303118,0
0.989391422551059,0
0.995719697586593,0
0.990008953940544,0
0.986920609896525,0
0.994353983465812,0
0.991351597472385,0
0.990883048136574,0
0.994549257953873,0
0.959474591950615,0
0.985271684838453,0
0.967084669390746,0
0.92863847545157,0
0.984626126935902,0
0.999995126819306,0
0.66216292955975,0
0.98695939047777,0
0.967506261270243,0
0.991638976658275,0
0.982234440673667,0
0.997018994992156,0
0.999996497919637,0
0.999992240300798,0
0.634113981122427,0
0.840036698468968,0
0.911136392416008,0
0.995349256845045,0
0.995543905898155,0
0.969784088306753,0
0.981725528377724,0
0.986878123754638,0
0.982272836433295,0
0.98695939047777,0
0.971566655419605,0
0.940300631403843,0
0.995403322880514,0
0.923456861281605,0
0.983474996743524,0
0.962159268669849,0
0.989006877210006,0
0.976526064461922,0
0.996923108225466,0
0.896120732218929,0
0.955759843078139,0
0.999990067135602,0
0.968762847136748,0
0.938295726659654,0
0.894612435163101,0
0.983536371465888,0
0.99642013440421,0
0.992102766404914,0
0.999985502240013,0
0.541333690100703,0
0.97580889284124,0
0.950603170024197,0
0.92863847545157,0
0.994299781347249,0
0.950401320293198,0
0.999988003086228,0
0.996165543134012,0
0.975567893616053,0
0.978415521395118,0
0.946341895032473,0
0.994594171841552,0
0.966755512846885,0
0.981443029366058,0
0.986623678872467,0
0.979042917779823,0
0.99095874974053,0
0.993328291809649,0
0.76010831304172,0
0.99725285793132,0
0.99725285793132,0
0.991555769098281,0
0.968847645486296,0
0.967506261270243,0
0.999991296587574,0
0.988214765453122,0
0.993876217551488,0
0.999998612079824,0
0.91813991524772,0
0.848282553668534,0
0.989482263138158,0
0.994108527700084,0
0.993591083288967,0
0.99999660088656,0
0.98313511055841,0
0.992546658514903,0
0.974029521899025,0
0.896115965788136,0
0.9957616999175,0
0.959471122012413,0
0.960988068863466,0
0.99101168585697,0
0.999997635097037,0
0.990516991842822,0
0.993478168156777,0
0.990456222628114,0
0.990862450789595,0
0.990008953940544,0
0.988264323309526,0
0.999983106392212,0
0.942895400664187,0
0.95838253069148,0
0.985031362991105,0
0.996214519677392,0
0.988119392290645,0
0.973131711490887,0
0.96799970769477,0
0.99441583184148,0
0.990156852793307,0
0.993121344572986,0
0.999990101986417,0
0.986963616366942,0
0.973361808372514,0
0.983895403854556,0
0.988780303616778,0
0.992399151937097,0
0.992556131779852,0
0.990118448397166,0
0.988780303616778,0
0.688093447699452,0
0.996221315232932,0
0.930466616887987,0
0.994930161092641,0
0.574577552089483,0
0.912029454350404,0
0.967525992680212,0
0.967525992680212,0
0.986026270524623,0
0.996965276611303,0
0.986301499016601,0
0.992099296133003,0
0.999995107300618,0
0.993631345889555,0
0.990347460575044,0
0.99634022892806,0
0.965752251615598,0
0.977509035492604,0
0.974155463722068,0
0.996047534096666,0
0.996591228652063,0
0.999992362069141,0
0.997187373140811,0
0.837165772195203,0
0.971220364356255,0
0.982655401038942,0
0.991697897984108,0
0.990485037283431,0
0.896120732218929,0
0.991151472388498,0
0.990485037283431,0
0.933972404482642,0
0.990485037283431,0
0.99657060478223,0
0.985972095404598,0
0.992949556642807,0
0.985972095404598,0
0.994772891231238,0
0.992756399833055,0
0.896120732218929,0
0.94955024281928,0
0.99721979535664,0
0.653312324328423,0
0.999985625941163,0
0.587035038089884,0
0.991249149520435,0
0.999996578916092,0
0.975609076722989,0
0.999996578916092,0
0.967506261270243,0
0.999994392921684,0
0.966978955307118,0
0.993478168156777,0
0.966978955307118,0
0.946516744480468,0
0.527264023985421,0
0.973534904304215,0
0.762992732727122,0
0.997213138460898,0
0.994187025116424,0
0.999996199609583,0
0.994424902933519,0
0.99134191534634,0
0.980023388958346,0
0.554311189399579,0
0.870246780128835,0
0.984045157973446,0
0.999983496020463,0
0.94261604331899,0
0.929605473271073,0
0.857588836098279,0
0.967506261270243,0
0.99618021244057,0
0.996967062319591,0
0.990347460575044,0
0.990863805963766,0
0.969513139986089,0
0.967506261270243,0
0.9968878566624,0
0.986498883782405,0
0.577420676054317,0
0.977622747631087,0
0.99137892590755,0
0.979233429296655,0
0.995078229040261,0
0.999990704315174,0
0.999990704315174,0
0.989539563276894,0
0.984829928354489,0
0.991040953762972,0
0.99187556442576,0
0.790162571366116,0
0.993739364537418,0
0.991659585764272,0
0.967506261270243,0
0.985242865871838,0
0.999998395758232,0
0.962907779199017,0
0.987463745425549,0
0.930908779578171,0
0.979916210730961,0
0.969234519825996,0
0.968747673504834,0
0.849377182308132,0
0.99375626525234,0
0.958453152729054,0
0.999986851237175,0
0.999999039276608,0
0.765934989683896,0
0.983437116453371,0
0.99999119207189,0
0.991393402447549,0
0.999983891638942,0
0.868652372503631,0
0.99327738593157,0
0.979210997342744,0
0.981281608766868,0
0.99999965527069,0
0.999990652086919,0
0.99536474587102,0
0.995844194634235,0
0.923010627925731,0
0.953096873352113,0
0.999982793559297,0
0.991427222433969,0
0.988778711670121,0
0.997383091163576,0
0.986814212202375,0
0.990926804109637,0
0.99643271586364,0
0.991598720701755,0
0.994349725677747,0
0.840009111627132,0
0.992996147183662,0
0.992888357837486,0
0.967506261270243,0
0.993414277591382,0
0.956156186534073,0
0.992937093795541,0
0.99998640727019,0
0.968230910001246,0
0.984827643908231,0
0.994535214692147,0
0.999982599932065,0
0.990456222628114,0
0.993272642579083,0
0.961784531228732,0
0.985669307063523,0
0.974806514932092,0
0.992898029749905,0
0.996403650336808,0
0.981448507951211,0
0.993362941367149,0
0.99086023902074,0
0.960817436428803,0
0.991202921445797,0
0.677298860424098,0
0.991120174104808,0
0.961442644891126,0
0.983839847305565,0
0.992256801497211,0
0.989168629898643,0
0.991847042159855,0
0.973226093424012,0
0.930800681429721,0
0.953384838999741,0
0.90638075831187,0
0.961573292185919,0
0.976642613398275,0
0.842566713797234,0
0.99603476862751,0
0.99999934864369,0
0.999997374366996,0
0.927548324549156,0
0.857527849793873,0
0.845843285173077,0
