Year,Total_Overdose_Deaths,Any_Opioid,Prescription_Opioids,Cocaine,Heroin,Fentanyl,Methamphetamine,Benzodiazepines,Antidepressants
1999,16849,8048,3442,3822,1960,730,547,1135,1749
2000,17415,8407,3785,3544,1842,782,578,1298,1798
2001,19394,9492,4770,3833,1779,957,563,1594,2017
2002,23518,11917,6483,4599,2089,1295,941,2022,2370
2003,25785,12939,7461,5199,2080,1400,1179,2248,2512
2004,27424,13755,8577,5443,1878,1664,1305,2627,2758
2005,29813,14917,9612,6208,2009,1742,1608,3084,2861
2006,34425,17545,11589,7448,2088,2707,1462,3835,3133
2007,36010,18515,12796,6512,2399,2213,1378,4500,3425
2008,36450,19582,13149,5129,3041,2306,1302,5010,3610
2009,37004,20422,13523,4350,3278,2946,1632,5567,3768
2010,38329,21088,14583,4183,3036,3007,1854,6497,3889
2011,41340,22784,15140,4681,4397,2666,2266,6872,4113
2012,41502,23164,14240,4404,5925,2628,2635,6524,4259
2013,43982,25050,14145,4944,8257,3105,3627,6973,4458
2014,47055,28647,14838,5415,10574,5544,4298,7945,4768
2015,52404,33091,15281,6784,12989,9580,5716,8791,4894
2016,63632,42249,17087,10375,15469,19413,7542,10684,4812